src,label,Grag2021_progan,Grag2021_latent
stable_diffusion_256/ann000000000981.png,True,-17.630308151245117,-13.506738662719727
